baseMean	log2FoldChange	lfcSE	stat	pvalue	padj
Sm_t00006759-RA	25.365894736544	5.09549952722549	1.16052862320557	3.88659050456398	0.000101662034356227	0.00266068241883188
Sm_t00006847-RA	7.27224674606052	4.99986962587664	1.46040378401801	3.02304723816176	0.0025024317759668	0.0406791244637364
Sm_t00013911-RA	28.3641128893985	4.63025778837098	1.17403520601648	3.44560177381443	0.000569789360610135	0.011490512899357
Sm_t00008968-RA	18.765976476652	4.50419715867808	1.26509461406717	3.0979478650045	0.00194865706297603	0.0327751017777018
Sm_t00009411-RA	31.3100064373815	4.04925195488854	0.691267875714758	5.01144646900677	5.40224122460665e-07	2.62123292389096e-05
Sm_t00004301-RA	50.6133677024812	3.7106154243035	0.729548643333362	4.28431394241559	1.83303929765739e-05	0.000603922329919551
Sm_t00016667-RA	22.031490815535	3.62317472665679	0.86397603149595	3.51650348609356	0.000437270916747258	0.00934790643385459
Sm_t00010254-RA	90.4611110575944	3.60571399187075	0.761930522407406	3.96455307017556	7.35335867575274e-05	0.00203003412269229
Sm_t00008873-RA	18.6544062881586	3.5257381061965	0.715427138638813	4.11046485011963	3.94863388186989e-05	0.00117749675432177
Sm_t00018126-RA	28.5679368047374	3.39012368083426	0.651036995620251	4.30870088751529	1.64216278451491e-05	0.000547798135534432
Sm_t00005176-RA	327.613476786858	3.17164354402105	0.336176263776808	7.69430748905686	1.42262560042073e-14	2.47598707760182e-12
Sm_t00015609-RA	17.1562471816406	3.16874177163821	0.767953039602512	3.36445282250011	0.000766955951848718	0.0148136293136329
Sm_t00001193-RA	28.7017299858134	3.15484706995477	0.692369544704391	3.71166971397041	0.000205896544550897	0.0049800837935785
Sm_t00012169-RA	283.037558598426	3.08013139057522	0.734852720428679	3.39541696072061	0.000685241566158597	0.0134626846102226
Sm_t00018499-RA	118.9715741668	3.07544367308523	0.326866845975481	7.61913820183539	2.55374930934066e-14	4.25944103553778e-12
Sm_t00002835-RA	1502.06520052869	3.01877895970202	0.398274039437872	6.11081496332795	9.91236416041673e-10	8.2664986946142e-08
Sm_t00014160-RA	184.762301252632	2.99553899271966	0.643576318004739	3.74553712633956	0.000180008222569878	0.00441392290932447
Sm_t00009580-RA	66.8102000716302	2.86826522465335	0.47229429524691	4.8344120342586	1.33539738082078e-06	5.98946298647125e-05
Sm_t00015708-RA	78.1981569533399	2.82035641765678	0.449103081034184	4.97737938583999	6.44509181819039e-07	3.06227923420963e-05
Sm_t00005717-RA	19.0228584402909	2.76219704191223	0.646832378860024	3.36593700789888	0.000762841265811559	0.0147876687023906
Sm_t00011395-RA	353.296053201173	2.74793659417494	0.206638219810779	10.4672630075674	1.2212296843582e-25	5.92555445634652e-23
Sm_t00006600-RA	39.6261301805052	2.74644835762195	0.422632546280505	5.11424966355377	3.14990517557936e-07	1.61138280100245e-05
Sm_t00019815-RA	114.794525871708	2.7454978431301	0.621761712610996	3.4748003926736	0.000511233609192598	0.0106448277638386
Sm_t00004384-RA	33.6882241895164	2.74162796695561	0.518321937118404	4.16078852256442	3.17150664806997e-05	0.000978461742753303
Sm_t00012535-RA	263.542481905875	2.70097268948051	0.305499121402624	6.92628076887928	4.32048579072092e-12	5.08673665301643e-10
Sm_t00012789-RA	40.6566770334795	2.6140213854585	0.518894507324556	3.91027724675721	9.21902439184513e-05	0.00245207672030273
Sm_t00012507-RA	172.237365885474	2.61223673846263	0.623251771935884	3.2526770556397	0.00114323347146978	0.0205910622555389
Sm_t00019202-RA	26.475294655387	2.60947734287001	0.625192735528058	3.2381651734326	0.00120301138435231	0.0214744908430872
Sm_t00018500-RA	50.6824758113929	2.60167694899339	0.446978831771183	4.51179520292308	6.42812393701009e-06	0.000242181459951543
Sm_t00008280-RA	127.979683415764	2.58230923165772	0.459291642433033	4.34867314605869	1.36963661851358e-05	0.000468315127154015
Sm_t00012802-RA	128.646297720649	2.57895849473228	0.438616916427141	4.54601366261599	5.46714889656412e-06	0.000210432663778328
Sm_t00007819-RA	660.809886298274	2.55034500138603	0.169544042927662	11.5919437064773	4.52740260706515e-31	3.29512593383306e-28
Sm_t00008498-RA	72.7532893301055	2.53743987784182	0.392812421764722	4.97041277124187	6.68105141754733e-07	3.15566357810524e-05
Sm_t00006950-RA	676.105417939969	2.50601442002403	0.397943901057083	4.82734982222652	1.38361954121161e-06	6.12003207013266e-05
Sm_t00014761-RA	27.4862508123733	2.50285290468398	0.554994169670219	3.4556271209544	0.000549014239530334	0.0112270957897314
Sm_t00011958-RA	718.287231914749	2.46940379472896	0.226100352285472	8.33436912274126	7.79125027773582e-17	1.83461028598685e-14
Sm_t00001569-RA	522.541869719453	2.44705729481659	0.273484266609424	6.80864503798269	9.85222311851925e-12	1.1031734026135e-09
Sm_t00000347-RA	332.44902254716	2.43071664180429	0.23123087558304	7.98213749418361	1.43820693631183e-15	2.84303326718828e-13
Sm_t00011175-RA	141.056299505085	2.42048685548426	0.294279502334061	6.23722291537875	4.45407076888718e-10	3.94025310228848e-08
Sm_t00015525-RA	285.75076977163	2.41612149944918	0.304132117341085	6.02080936225349	1.73547064294821e-09	1.37566118489538e-07
Sm_t00002217-RA	1920.11662730869	2.41216371742031	0.376197375059553	4.85692840661384	1.19220675375036e-06	5.3925464805228e-05
Sm_t00003419-RA	241.45180799192	2.41210437845119	0.479998947670149	3.80647580024854	0.000140961078278365	0.003571311369293
Sm_t00007035-RA	1030.4560919788	2.37620693404657	0.129144388103484	13.8698007737764	9.65445746581992e-44	1.28822644118924e-40
Sm_t00013362-RA	606.160837947047	2.37368248390421	0.294731276520827	6.06885874149098	1.28822388465534e-09	1.05240004291333e-07
Sm_t00000043-RA	1896.32452940951	2.36033102893025	0.275977750370385	6.43287738430946	1.2521065712526e-10	1.21507457084222e-08
Sm_t00002360-RA	963.497421984422	2.35451252217915	0.399576841980046	4.42846615787488	9.49056063678963e-06	0.000336946467663582
Sm_t00007112-RA	1995.9696506294	2.30733878453474	0.163577831665401	10.5291699186831	6.33909979716152e-26	3.27424728877904e-23
Sm_t00021497-RA	308.668772804872	2.28781403815926	0.352294390438329	4.83349745092617	1.3415499765732e-06	6.00025090080728e-05
Sm_t00013981-RA	324.191040448598	2.25606340556606	0.355750393569971	4.69729179719764	2.63633693411202e-06	0.000110505306253931
Sm_t00016926-RA	214.438616267785	2.24569209237236	0.31216211211504	5.31996686311615	1.03786153783405e-07	5.89299253326202e-06
Sm_t00014765-RA	124.041990551885	2.24466748572387	0.312354777093516	5.31340516436855	1.07595442801784e-07	6.02383996553203e-06
Sm_t00009542-RA	46.0374895551389	2.24010707490356	0.463595890767777	3.57015044322865	0.000356776264458562	0.0079343077034868
Sm_t00003166-RA	94.4339199070521	2.23956260104754	0.266832020065828	6.20076481315609	5.61894283718561e-10	4.91642145950907e-08
Sm_t00021514-RA	385.953403649761	2.23770015845919	0.437725713646426	3.77565243926739	0.000159589388888647	0.00396792747652953
Sm_t00009099-RA	49.8723085426553	2.22830994599834	0.493728793151702	3.32836563067007	0.000873571340944478	0.0164366913175123
Sm_t00011647-RA	297.653055534542	2.22143297916907	0.196004201483398	8.34896888323937	6.88614749491362e-17	1.64568647296353e-14
Sm_t00016322-RA	10368.7760351966	2.21747261814242	0.498747725631097	3.2731429824101	0.00106358659897333	0.0193304751677196
Sm_t00006820-RA	47.7415556956764	2.20838665970159	0.539553041689228	3.00876194603427	0.00262314564089542	0.042297893254801
Sm_t00011648-RA	131.016663831132	2.20587482101941	0.264253403112977	6.13378977120092	8.58098989343405e-10	7.30844734966309e-08
Sm_t00017245-RA	58.8583614336333	2.20449299115306	0.542378232803815	2.9859107412573	0.00282735155957902	0.0451413436894621
Sm_t00006024-RA	24.4870933070274	2.20007285843713	0.525604891598532	3.07278886527326	0.002120684727154	0.0354081374882063
Sm_t00009903-RA	541.57243032026	2.17903576021097	0.166698013465385	9.5624160544779	1.15039186810581e-21	4.49270112002688e-19
Sm_t00006907-RA	30.1081999686995	2.17769299627943	0.495285024943953	3.215709977219	0.00130122262429083	0.0230732853379233
Sm_t00015518-RA	102.430821461398	2.17768970488478	0.303001523732765	5.2563752329162	1.46922370471883e-07	8.05657875341024e-06
Sm_t00008555-RA	192.175651022168	2.17328633055809	0.417396914716241	3.80521818575936	0.000141679244530217	0.00357818306532781
Sm_t00001846-RA	501.70118127949	2.1668723373849	0.320360578745386	4.93778711344546	7.90140278419706e-07	3.68854989447706e-05
Sm_t00012814-RA	1174.68644549808	2.16367370933211	0.473432810289243	3.33452535401511	0.000854451105490962	0.0161528584428823
Sm_t00016510-RA	784.385289514226	2.1632207173832	0.221081469308283	7.13863863091336	9.42597759094502e-13	1.24734506765464e-10
Sm_t00007738-RA	120.480126800591	2.14452670545881	0.389476181285591	4.00416451735531	6.22370430943916e-05	0.00173311223309113
Sm_t00014724-RA	176.505146420887	2.13417991458304	0.264510227811586	5.85678643657795	4.71909335187746e-09	3.45032523973799e-07
Sm_t00008489-RA	176.440431545948	2.13132530002603	0.213947469914333	7.22759329963189	4.91628384437204e-13	6.78616697552458e-11
Sm_t00005624-RA	250.86602005681	2.12845111066715	0.183659668318442	8.40386528408082	4.32018258284643e-17	1.06422713102365e-14
Sm_t00012924-RA	1086.63783397326	2.11468673154248	0.412082834981247	3.71208553642398	0.000205558490890636	0.00497942898054594
Sm_t00021505-RA	611.304497395984	2.10313609220867	0.451194374703236	3.36470527410097	0.000766254615616754	0.0148136293136329
Sm_t00011649-RA	229.652365103604	2.09699100088142	0.227801862369204	6.63730746165234	3.1946483821703e-11	3.38759668180866e-09
Sm_t00015503-RA	79.9708356084954	2.09319486172738	0.312519398816018	4.82592398245098	1.39355659082301e-06	6.14700499511241e-05
Sm_t00002793-RA	426.906396474791	2.09270444321249	0.248350913299485	6.07086329251529	1.27224458344809e-09	1.04467591129081e-07
Sm_t00000025-RA	3316.36123224647	2.08868777052961	0.257471423554406	5.84021228364348	5.21343484453838e-09	3.76024859147516e-07
Sm_t00004956-RA	422.58614952876	2.08319716900488	0.336400720928932	4.45360867499861	8.44389380906502e-06	0.000307280971978975
Sm_t00002836-RA	702.721451566399	2.08315449707193	0.409364170686774	3.65971085002024	0.000252500005969825	0.00588505108528216
Sm_t00005976-RA	1286.46548445985	2.08025449302371	0.20021772816241	7.46814234057637	8.1334837602605e-14	1.25895335221417e-11
Sm_t00000258-RA	3088.78914017631	2.07867366460915	0.215484259465179	6.93170660500389	4.15793627235169e-12	4.93162041428854e-10
Sm_t00005677-RA	333.443622352863	2.07577340432413	0.184746563185977	8.06928896871239	7.07087342638335e-16	1.45152340132372e-13
Sm_t00011851-RA	8447.07840004136	2.07206399938517	0.353007800505523	4.21255280267355	2.525006626952e-05	0.000797829064650103
Sm_t00014414-RA	49.9742348536562	2.05851574981281	0.421854758406411	3.49294566542081	0.000477723701701584	0.0100867719039925
Sm_t00006988-RA	69.5028794168264	2.05831198128618	0.355187969475339	4.14797827601667	3.35424218036893e-05	0.0010230119198489
Sm_t00002484-RA	529.32205560614	2.04228174855333	0.25538254367652	5.70627000410486	1.15478765872887e-08	8.00452813487735e-07
Sm_t00005683-RA	57.7737545435222	2.03233440675237	0.409266249572343	3.53641280771317	0.000405600364322016	0.00877555351476772
Sm_t00016509-RA	906.465453648247	2.02615351826425	0.19319902200781	7.45942450063745	8.6901206954189e-14	1.31270011863252e-11
Sm_t00004978-RA	661.299471941307	2.02011056876674	0.255212540929581	5.62319768276089	1.87454678810416e-08	1.25586791510978e-06
Sm_t00007750-RA	113.307569601355	2.00077940694956	0.410960673461045	3.44504839119056	0.000570957165696063	0.0114995800466986
Sm_t00010967-RA	61.543158387094	2.00053281574808	0.473628987491292	2.98869548345392	0.00280171211820036	0.0448161982383857
Sm_t00003958-RA	1973.53955810283	1.99935160635657	0.224893857394024	6.2889739308378	3.19571124232043e-10	2.90737093250197e-08
Sm_t00010712-RA	388.632984546655	1.9972526995012	0.179066387130095	7.88675486301725	3.1014578908025e-15	5.77448183110809e-13
Sm_t00021483-RA	543.010507497205	1.99288010997115	0.231717385162777	6.07585015246974	1.23332540402615e-09	1.01793847264262e-07
Sm_t00009982-RA	170.349246211758	1.97377041680103	0.369845325782489	3.75500329458747	0.000173339198159575	0.00425691294621336
Sm_t00005609-RA	134.515254582307	1.96896885786357	0.275132186531836	5.03019612248611	4.89978380372528e-07	2.39193104467223e-05
Sm_t00015504-RA	797.045979002794	1.96389468751261	0.171577299498992	8.03657996447667	9.23806697426367e-16	1.87240415685962e-13
Sm_t00001211-RA	2690.15002872164	1.95277290349606	0.122046929665273	11.2069423396994	3.76992508523438e-29	2.235705202399e-26
Sm_t00014295-RA	138.435295890308	1.95239518905292	0.34893504186028	3.91876717730303	8.90030346746055e-05	0.00237519431868297
Sm_t00014384-RA	55.9470616955076	1.94702591452583	0.393940817610194	3.45743790346081	0.000545337905773365	0.0111661771703876
Sm_t00018659-RA	1033.54256377844	1.94434094731731	0.196461296966595	6.91912844059275	4.54430714200877e-12	5.31120043487916e-10
Sm_t00005727-RA	412.266010237456	1.94264424194162	0.181395778992843	7.48443127772663	7.18576224340729e-14	1.15058425041438e-11
Sm_t00006634-RA	190.070936534489	1.93200858146611	0.214655788076306	6.2752027026044	3.49179080082577e-10	3.15878837869052e-08
Sm_t00008913-RA	3894.41047093581	1.92973500739516	0.217378543958884	6.18614414700241	6.16536349796154e-10	5.36520653963914e-08
Sm_t00000082-RA	332.94574453514	1.9296585699509	0.432479083911497	3.10918751905716	0.00187602610718973	0.0317200950668659
Sm_t00006770-RA	52.6351106172578	1.92314247394707	0.409511464126213	3.26765570971818	0.00108442195814261	0.0196422674137777
Sm_t00008491-RA	703.625288861668	1.92151474536723	0.156036841449802	8.56537938700331	1.07720571065453e-17	2.92342675237294e-15
Sm_t00011792-RA	2008.41081475227	1.92042853893988	0.367870718257385	3.6301572064932	0.000283248652195341	0.00649767538531776
Sm_t00017253-RA	443.533306768847	1.92026058157195	0.243738205690412	5.47825720547048	4.2953545740063e-08	2.6866100562105e-06
Sm_t00013401-RA	402.711740714038	1.91883574098938	0.236809541161131	5.63252533850316	1.77589743099253e-08	1.19981728544525e-06
Sm_t00016393-RA	34.3328634594117	1.91769355659741	0.41347163104568	3.22318015682719	0.00126775791351932	0.0225548219014126
Sm_t00004980-RA	715.971847752117	1.91632313371941	0.235238422425833	5.65946293972939	1.51847434887467e-08	1.03463026698643e-06
Sm_t00016508-RA	1913.53149295232	1.91445430542577	0.161148433477998	8.24987421058164	1.58561337585905e-16	3.47792347592535e-14
Sm_t00019686-RA	111.445216963173	1.91075230290208	0.283377246020963	4.67840068854366	2.89121143177225e-06	0.000119349190997747
Sm_t00017881-RA	83.9160046560352	1.9055427010346	0.389968846815625	3.3862774214345	0.000708477224694405	0.0138425559469708
Sm_t00012676-RA	63.9212034256788	1.90365663869615	0.412098082393992	3.19986113751296	0.0013749381437953	0.0242194824625417
Sm_t00014740-RA	1599.24479617632	1.90321573081639	0.385026115768206	3.42370472243496	0.000617737027119311	0.012364006597793
Sm_t00006584-RA	522.021004226258	1.90261934187165	0.32158620652558	4.09725079973803	4.18085860260285e-05	0.00122607890008932
Sm_t00003021-RA	233.26432175349	1.89173798132249	0.244152597890814	5.35213629759069	8.69218862473606e-08	5.04272913982876e-06
Sm_t00009106-RA	1736.19156154522	1.88931091238868	0.242243501024375	5.38429682065006	7.27284037696442e-08	4.29714834376215e-06
Sm_t00003645-RA	661.229538666875	1.88571278351173	0.249333437519756	5.21676032084011	1.82079616233366e-07	9.75069837835673e-06
Sm_t00005082-RA	3521.1611250578	1.88481986106689	0.352963073173548	3.68259446910409	0.000230872270174307	0.00546853075448374
Sm_t00011875-RA	63.2428597594256	1.88095883152041	0.327902299374485	3.95227125272563	7.74129173584928e-05	0.00211886432947724
Sm_t00000580-RA	2778.49261169169	1.87985688848111	0.388677264838817	3.33144489173579	0.00086396404271234	0.0162942193779858
Sm_t00012858-RA	168.860385449667	1.87825694191878	0.260381836279605	4.96677095605874	6.80769124693352e-07	3.2060221248794e-05
Sm_t00018501-RA	431.052739215137	1.87689165996476	0.16102714518061	8.02281912478642	1.03345470254791e-15	2.06845958714964e-13
Sm_t00002024-RA	42.604305821554	1.87371872788254	0.406932759451626	3.1669082863203	0.00154068900313003	0.0266986064048896
Sm_t00011414-RA	374.383924137354	1.86807875244057	0.293377931914837	4.37346716593881	1.22288644587386e-05	0.000422001245071817
Sm_t00010692-RA	5970.21633716547	1.86033767751471	0.104465700377621	12.2081953493313	2.81054066644339e-34	2.25011885755458e-31
Sm_t00013396-RA	145.454404183256	1.86009444676076	0.306344864913412	4.16228438208411	3.15079608666576e-05	0.00097394878261954
Sm_t00012043-RA	1080.78966972787	1.85674288992759	0.217874084441132	5.83705443072649	5.31317424940439e-09	3.79797080720818e-07
Sm_t00003041-RA	467.451011388365	1.84807223369762	0.212351735954085	5.94801934640517	2.71406522824005e-09	2.03072955301774e-07
Sm_t00006602-RA	73.1303973908968	1.8467436291545	0.313431595459199	4.02557893790497	5.68353099805888e-05	0.00161070262550299
Sm_t00006337-RA	417.967903962042	1.84640186461219	0.158383543980446	7.96422300518748	1.66265173204312e-15	3.24663165042371e-13
Sm_t00008521-RA	92.8317392140345	1.83930921550539	0.368814186555996	3.40092453389115	0.000671583652230959	0.0132594296418275
Sm_t00012863-RA	953.006852951581	1.83865834884134	0.366772350417695	3.4180830354677	0.000630638640152326	0.012590755493914
Sm_t00014177-RA	1741.18747346802	1.83597710085447	0.130427421990337	9.5913656941494	8.69266801084844e-22	3.66281579446592e-19
Sm_t00016658-RA	953.679237638618	1.8350353536561	0.185980991981707	6.72130705582565	1.80101607609486e-11	2.00262982016881e-09
Sm_t00004858-RA	530.221899538585	1.82600106852685	0.396045505872421	3.13348100186905	0.00172746100905407	0.0295830007240361
Sm_t00006403-RA	86.6375208786994	1.82397462445207	0.337813621555129	3.66762778465959	0.000244811211346189	0.00573087297671811
Sm_t00008642-RA	322.362209337481	1.81898760170848	0.328031272896346	3.76179865661286	0.000168695827406189	0.00418117965604601
Sm_t00003632-RA	212.433875363769	1.81085596172177	0.294373300078421	4.16429058408219	3.12322138077159e-05	0.000967292470965468
Sm_t00005166-RA	437.027717292572	1.81065766547784	0.18416666266145	6.65515488941091	2.83001859411593e-11	3.06177417087732e-09
Sm_t00007092-RA	250.103500700221	1.8094254477406	0.187134795763425	6.54301324745886	6.02914872142577e-11	6.14896365143118e-09
Sm_t00016579-RA	170.762086900178	1.80704922804569	0.334553795362398	3.6527734701737	0.000259423077409397	0.00602011929779603
Sm_t00009506-RA	2237.71831485468	1.79325884077278	0.118715913306193	10.1777327665957	2.49302112814242e-24	1.17406630305342e-21
Sm_t00010349-RA	505.786320714975	1.78929771909516	0.138778376716451	8.67784843423952	4.03326037469989e-18	1.17419209308536e-15
Sm_t00006336-RA	133.636701344522	1.78758839249726	0.275237338834437	4.36927779344885	1.24658110420624e-05	0.000428331687565457
Sm_t00015021-RA	4057.8586298684	1.78585752818259	0.363936051299779	3.29963883460785	0.000968093291093649	0.0179852328796718
Sm_t00017646-RA	106.393676927118	1.76995156183721	0.27427957343181	4.32023262618867	1.55864804556013e-05	0.000524308245914052
Sm_t00003018-RA	154.910903379301	1.76907981985996	0.236620649353494	5.00412716766333	5.61157050434368e-07	2.69150417769922e-05
Sm_t00011849-RA	185.312588243606	1.76680419535674	0.265058597834024	4.45865255839303	8.24764849912843e-06	0.000300823115644748
Sm_t00014041-RA	1374.91614801345	1.76635931246795	0.379654703222501	3.1116677929724	0.00186033718214925	0.0314880750111773
Sm_t00008144-RA	557.580529009154	1.7613075199528	0.233570974879357	5.03618876686362	4.74892257554442e-07	2.34161445324142e-05
Sm_t00006817-RA	225.960056861223	1.75545847859279	0.285668027291894	4.0972680411197	4.1805473268642e-05	0.00122607890008932
Sm_t00009536-RA	160.92825384683	1.75526926605276	0.305094419554468	3.83576096790531	0.00012517610879847	0.00321053082006261
Sm_t00021340-RA	769.715126889942	1.74686431128805	0.193643520602336	6.00001646155795	1.97297526295853e-09	1.53355727720835e-07
Sm_t00010408-RA	2812.80121731029	1.74156750234136	0.264213617716731	4.37739550419893	1.20105912149174e-05	0.000415364117782412
Sm_t00012492-RA	282.956370537707	1.74104866735313	0.257274541814821	4.49344369325597	7.00805575156921e-06	0.000259752288643811
Sm_t00005405-RA	1205.45967763909	1.73881403428618	0.263355202024869	4.38120844173498	1.18022895729702e-05	0.000409043854204327
Sm_t00017004-RA	409.125075075758	1.73394769424381	0.201824218419004	5.69281379233931	1.24962648003017e-08	8.62457724062201e-07
Sm_t00003911-RA	623.716434199572	1.73340228700818	0.213221065866803	5.38597010731379	7.20549385907566e-08	4.2731247285748e-06
Sm_t00007686-RA	54.1534251800568	1.73251607523504	0.330549009228492	3.47154595293862	0.000517470757031238	0.0107467467724827
Sm_t00001836-RA	173.89822228504	1.72720266944889	0.327159504736142	3.49127154465552	0.000480727393375645	0.0101281671351721
Sm_t00011155-RA	878.860582699616	1.72595841261367	0.295432985324859	3.86198721635319	0.000112468452862573	0.00292820303615532
Sm_t00000907-RA	2264.48536126581	1.71787807745955	0.174044824622299	6.50911671701844	7.55939719652178e-11	7.56506674441918e-09
Sm_t00013202-RA	1094.39926317513	1.71383250955082	0.180205136645554	6.26415279033431	3.74857792524316e-10	3.37203537859514e-08
Sm_t00009261-RA	3782.52326572082	1.71170697906466	0.160293320108507	7.02903264029942	2.07970328797419e-12	2.52274310962444e-10
Sm_t00013201-RA	307.682697500524	1.71024615422733	0.208771707595787	5.38984025750258	7.05203399338904e-08	4.19766424915038e-06
Sm_t00013421-RA	137.246957667595	1.70956589791084	0.224878146726577	5.00077892974709	5.70991548229356e-07	2.72916915529804e-05
Sm_t00007552-RA	469.198405391705	1.70779073268436	0.253687632078657	4.42587887901542	9.60504094518119e-06	0.000340079443075291
Sm_t00009901-RA	186.560991102085	1.70343459769422	0.221231940558282	5.05548427985505	4.29299991384383e-07	2.15484371850995e-05
Sm_t00001715-RA	74.4415925547166	1.70250922495937	0.308880290784039	3.61793632776882	0.000296961426183849	0.00676379282511491
Sm_t00016331-RA	162.891109900111	1.70219710168699	0.275364566230733	4.05715636176249	4.96738273447671e-05	0.00143053475439642
Sm_t00005377-RA	115.621617810537	1.70215134372255	0.265202672256434	4.21244376694037	2.52622617897578e-05	0.000797829064650103
Sm_t00010650-RA	747.490591898155	1.70012144422754	0.141829466827694	7.86241018294371	3.76811745198016e-15	6.8562609819439e-13
Sm_t00008214-RA	3462.80830821113	1.6886880891609	0.147647318975638	7.47516512198239	7.71069730273881e-14	1.2104282863868e-11
Sm_t00011174-RA	369.113681026348	1.68724568096132	0.179851026971809	6.12865936614357	8.86226324181305e-10	7.50807190623866e-08
Sm_t00008690-RA	244.287520725908	1.68715689954721	0.182937322053797	6.02477879950106	1.69341062044464e-09	1.35574454272798e-07
Sm_t00006531-RA	1556.22867462479	1.68553673927853	0.150249631097062	7.3247217396998	2.39394921448772e-13	3.42249239485513e-11
Sm_t00010163-RA	1156.31447618196	1.68381078369461	0.352091664564569	3.12080885258532	0.00180355060828253	0.0306565311463056
Sm_t00010669-RA	474.156433734308	1.68211245282457	0.169681432504885	6.46571894537127	1.00818310693642e-10	9.84330970016217e-09
Sm_t00012475-RA	341.138764142675	1.67874383040491	0.176901900807186	6.18277036829036	6.29863052697609e-10	5.45154983772655e-08
Sm_t00017022-RA	705.269208024185	1.67609457992287	0.131039568272418	8.32645127198984	8.33018079623415e-17	1.93308485375799e-14
Sm_t00019198-RA	1416.04749767684	1.6699899502177	0.136395805194201	7.95471641281697	1.79542279275636e-15	3.42241782828748e-13
Sm_t00016513-RA	255.633157100694	1.66829632767504	0.22193730050306	4.88109175528207	1.05500137355393e-06	4.79905738447317e-05
Sm_t00005234-RA	227.937747033037	1.66374049902959	0.233684332829698	4.61622944921919	3.90774887429403e-06	0.000156037094701237
Sm_t00000575-RA	9262.5774207191	1.66242454841868	0.141230554831121	7.62883463643567	2.36885256705812e-14	3.99263866355102e-12
Sm_t00016580-RA	872.674276974727	1.66139861638023	0.140714826471683	7.649503917747	2.01756130032782e-14	3.43672250434564e-12
Sm_t00010148-RA	358.235657205836	1.65782816460381	0.183099909188201	5.85925011847544	4.64961947723009e-09	3.41512417749579e-07
Sm_t00007526-RA	727.943240053108	1.65635566602307	0.200822480130034	5.33483933337224	9.56291939760113e-08	5.50796638109314e-06
Sm_t00006951-RA	1397.90589424972	1.65600329062705	0.154814225434904	6.91799017576319	4.58096053002517e-12	5.31524202947558e-10
Sm_t00012112-RA	1254.18226672024	1.65599579807979	0.352274386127782	3.04023182000891	0.00236396115668895	0.0387428311575266
Sm_t00006601-RA	83.945693558134	1.65444782715669	0.281559978768383	3.79829488492908	0.000145694926033318	0.00365653159192083
Sm_t00001576-RA	1414.17819080649	1.64879248633912	0.127232491497059	8.36101277136201	6.21821139474502e-17	1.50857577049481e-14
Sm_t00013360-RA	3591.80622989237	1.64852194452062	0.199689018048308	5.3258910024954	1.00459362079666e-07	5.76543120293766e-06
Sm_t00008646-RA	211.071036072766	1.64792911342186	0.210804211689255	5.04225748102562	4.6007165110897e-07	2.29491192447253e-05
Sm_t00012653-RA	10331.4565158451	1.64576514344076	0.262207330190317	4.04552055303268	5.22069847997803e-05	0.00148743459184
Sm_t00000254-RA	363.985230663671	1.64153864792756	0.327841639644414	3.22271035818851	0.00126983886418852	0.0225667701369441
Sm_t00000221-RA	1958.20456134282	1.6399594412744	0.145400720216169	7.2555310572463	4.00088959096806e-13	5.57062992439831e-11
Sm_t00006298-RA	109.738916680598	1.63934620526175	0.26195528949587	4.02490901134627	5.69973490986348e-05	0.00161244090771615
Sm_t00008945-RA	708.488058164656	1.63873318360892	0.26536883042764	3.97082499067746	7.16241800363324e-05	0.0019841632711795
Sm_t00012161-RA	454.702159474002	1.63191528831599	0.161407529522351	6.48616140408131	8.80508390189191e-11	8.70290144673415e-09
Sm_t00013482-RA	116.591936345579	1.63033327975198	0.282781458116522	3.69661181717666	0.00021849604608627	0.00521545155322732
Sm_t00008914-RA	125.937384830178	1.63001309917402	0.307378839317089	3.39975614943356	0.000674459735224427	0.0132998143847457
Sm_t00011465-RA	1989.90304059371	1.6242017097704	0.108820362062655	9.54969906433556	1.30073571585267e-21	4.95890006719832e-19
Sm_t00007694-RA	698.569172766744	1.62066908349271	0.119460121174995	8.66958005153516	4.33717028700196e-18	1.24012090420492e-15
Sm_t00002838-RA	4487.52974964007	1.61721107775796	0.097372718827718	10.600618840522	2.96014915114824e-26	1.57993027360619e-23
Sm_t00011286-RA	1019.82014107937	1.6160561596516	0.1563316702316	6.59531212149225	4.24362126431887e-11	4.44110220158652e-09
Sm_t00008654-RA	255.784709207467	1.61238073519981	0.217482174192817	4.72397675355658	2.31276865506347e-06	9.87521378796702e-05
Sm_t00002945-RA	172.793015159666	1.60379485289076	0.226611422433673	4.49577890624182	6.93157330164323e-06	0.000257513577043878
Sm_t00012012-RA	751.894274179348	1.60256546065527	0.186939250990643	5.44329484184252	5.23039662243027e-08	3.23287023865338e-06
Sm_t00017244-RA	165.643608051079	1.60237675016893	0.24525282130771	4.14827745811112	3.34986261761029e-05	0.0010230119198489
Sm_t00010240-RA	70.880627731595	1.60161358916147	0.293386206198908	3.46510356547654	0.000530027325057163	0.0109507064887939
Sm_t00022485-RA	8124.9043898543	1.6011157024083	0.122413174717271	8.30070541635045	1.03495025098806e-16	2.34222959069961e-14
Sm_t00007451-RA	1093.72024795812	1.6004137081416	0.186721105626903	5.43813033203945	5.38425839839106e-08	3.29056280439075e-06
Sm_t00008484-RA	731.172381077599	1.59833255555068	0.132117799006056	7.66991702234026	1.72107652617966e-14	2.96321261690202e-12
Sm_t00011950-RA	144.723688643209	1.59634958373416	0.2245011924247	4.50487399559527	6.6412337467142e-06	0.000249286867998461
Sm_t00011646-RA	334.115720865232	1.59464580134461	0.173566248336641	5.81706300055729	5.98905742120998e-09	4.2432206826732e-07
Sm_t00005608-RA	94.9306049093285	1.59345408885182	0.276055617639072	3.65308301811239	0.000259110411709582	0.00602011929779603
Sm_t00014062-RA	1107.51066502455	1.59334673561866	0.122016688319784	8.26400674779802	1.40862645774154e-16	3.13262872796633e-14
Sm_t00012865-RA	592.870330330041	1.59151223164513	0.191478068546957	5.25654054943794	1.4679042266993e-07	8.05657875341024e-06
Sm_t00005219-RA	121.855998371411	1.57890057091967	0.217599904039002	4.56755978505175	4.93434964501438e-06	0.000191768947854297
Sm_t00002973-RA	138.350179176523	1.57883309217421	0.243668617394474	4.07862572866863	4.53027004312866e-05	0.00131888516237411
Sm_t00007861-RA	588.243882980353	1.57341168261947	0.269347095984197	3.6696578405934	0.000242875336446842	0.00569387977626183
Sm_t00005601-RA	866.546220158678	1.57179720356032	0.278925943091387	3.53784661485221	0.000403404326258337	0.00876432845596809
Sm_t00000924-RA	2182.43941550894	1.56916150141558	0.148236669761682	6.63912311979082	3.15554740432519e-11	3.36844166920367e-09
Sm_t00006620-RA	2711.05174861827	1.56731749060518	0.104200338232233	9.42720059522139	4.21179529680865e-21	1.56835503005814e-18
Sm_t00010566-RA	11038.178829282	1.56119494441842	0.225525830540618	4.32852832014117	1.50109032920911e-05	0.000508149225185968
Sm_t00013796-RA	903.950643496101	1.54795860753262	0.249489329203009	3.85971861245041	0.000113517664348789	0.00295072214537794
Sm_t00011913-RA	217.506424729604	1.54459582678235	0.212038883222884	4.52556536894072	6.02342589040857e-06	0.000229635941326719
Sm_t00016573-RA	2975.24205539105	1.5438332072406	0.186596114331806	5.13854862773616	2.76868551184864e-07	1.42547242494278e-05
Sm_t00008705-RA	132.736010556818	1.54161836365353	0.209508682895335	4.56600819800596	4.97099334408878e-06	0.00019213722694818
Sm_t00010548-RA	244.541627346192	1.54042470494029	0.185200959736389	5.15885396220527	2.48466013079498e-07	1.29170058487952e-05
Sm_t00011237-RA	179.102136442061	1.53991167693488	0.231565305986568	4.12372515332787	3.72793699803669e-05	0.00112202494760458
Sm_t00002193-RA	562.574781415797	1.53889696504583	0.135636833142948	7.03272807940392	2.0253384605668e-12	2.47555110157218e-10
Sm_t00000847-RA	1686.21091409102	1.5334405107943	0.158293173166022	5.99167034070103	2.07696619867919e-09	1.59121448675843e-07
Sm_t00006552-RA	5833.0898177975	1.53274230785955	0.271604746311087	3.48941732694922	0.000484074767762651	0.0101719228102566
Sm_t00010208-RA	458.092680172429	1.53235725461563	0.156951499282405	6.03598728872947	1.57993690489938e-09	1.27125375483662e-07
Sm_t00014467-RA	417.167575029443	1.52015577031702	0.190040432903273	4.92082530033487	8.61800310763941e-07	3.99975263071079e-05
Sm_t00018735-RA	294.301999913873	1.51966320259603	0.191096371637405	4.89105677197001	1.00296028255531e-06	4.60154729062341e-05
Sm_t00000352-RA	174.116482968828	1.51849269266005	0.231202061866446	4.0375621442307	5.40095400413468e-05	0.00153333467223767
Sm_t00002058-RA	130.389446836279	1.5179217495212	0.248023650127498	3.76142254596134	0.000168949740036333	0.00418117965604601
Sm_t00003168-RA	309.040447434273	1.51705048642633	0.186426522422017	4.9995594742492	5.746144638224e-07	2.73831154604889e-05
Sm_t00003456-RA	2607.84336513464	1.5147318312641	0.260134114023786	3.57404808190242	0.000351504338774147	0.00782793807016918
Sm_t00016504-RA	110.293909366325	1.51380110546732	0.299327003383764	3.10296463388741	0.00191592534558599	0.0323264453461779
Sm_t00000549-RA	1943.13588352229	1.51054276562364	0.12749168560878	7.25963235331092	3.88143838092691e-13	5.4999638367612e-11
Sm_t00017940-RA	158.99199299878	1.50715034154068	0.27104193263419	3.40224234891821	0.000668353417459078	0.013211944346117
Sm_t00016539-RA	201.271918756629	1.50463486565691	0.259877922603879	3.53871870469995	0.000402074059653164	0.00874729598256312
Sm_t00018733-RA	235.402972083627	1.50283284989175	0.255627051302048	3.59051534341425	0.000330024801202947	0.00741144055660811
Sm_t00005071-RA	148.539095510052	1.50207861301148	0.187746592311518	4.88466182912029	1.03606518687377e-06	4.73985022063507e-05
Sm_t00005181-RA	958.699140379121	1.49984092355051	0.16812175996782	5.44153786949187	5.28225607637584e-08	3.24059326800498e-06
Sm_t00011673-RA	565.491664108468	1.49736846471106	0.276208694014912	3.30318518019495	0.00095593238784988	0.0177981272026189
Sm_t00003700-RA	1661.72916182424	1.4943808563069	0.254179969432736	3.57770464107146	0.000346624817068281	0.00775161532248229
Sm_t00022496-RA	163.286535487486	1.48895686406587	0.194824489754709	4.63985233685962	3.48658217267437e-06	0.000140269230524779
Sm_t00003877-RA	1142.98464418337	1.48778679031859	0.169695601141073	5.32003649032762	1.03746441293279e-07	5.89299253326202e-06
Sm_t00022515-RA	494.78315851348	1.48443542440578	0.16941882415297	5.30894621009571	1.10260864886395e-07	6.15155738174552e-06
Sm_t00016330-RA	243.307218579178	1.4818693047304	0.256782688843395	3.49271716395716	0.00047813264271361	0.0100867719039925
Sm_t00014611-RA	71.1896629934824	1.47525917747818	0.294478829989392	3.02316868587887	0.0025014276659079	0.0406791244637364
Sm_t00010937-RA	446.829577855602	1.47451171295839	0.160557394248695	5.54014791483589	3.02216272169698e-08	1.95124473789565e-06
Sm_t00000005-RA	532.768105251234	1.47289969561419	0.147973463606266	6.00039813879568	1.96834297493642e-09	1.53355727720835e-07
Sm_t00013354-RA	388.645441456332	1.46940495246317	0.272893968897805	3.24083729675378	0.00119179185409503	0.0213456053330756
Sm_t00002848-RA	794.283682659543	1.46796552145595	0.209518824240012	4.21425389655909	2.50605246102564e-05	0.000794592316949356
Sm_t00001893-RA	236.526003820529	1.46678249471554	0.220719802295645	3.99503119133111	6.46857362506526e-05	0.0017981736264678
Sm_t00022552-RA	1102.40809482367	1.46657752506193	0.12515261285392	7.04402013636678	1.86771135611572e-12	2.3004457103173e-10
Sm_t00013397-RA	753.886597919156	1.46462581768167	0.243112114769288	3.61818998002805	0.000296670596523315	0.00676379282511491
Sm_t00014489-RA	1149.48877356663	1.45890278130882	0.154780234821541	5.64608770826854	1.64140129882099e-08	1.11364905070855e-06
Sm_t00011042-RA	339.781980298313	1.458894106058	0.265012382761971	3.29755952137116	0.000975290009191353	0.0180535764475976
Sm_t00010089-RA	236.497660125315	1.45719515440983	0.193307936632612	4.51194694642809	6.42352573538467e-06	0.000242181459951543
Sm_t00011018-RA	278.081864530703	1.45612455849298	0.198017979802734	4.39921950199066	1.08640898417081e-05	0.000380647279092844
Sm_t00006916-RA	739.104292545482	1.45522577850329	0.141446692969846	6.15232325501459	7.63560449977116e-10	6.57318813173849e-08
Sm_t00022547-RA	1127.677525634	1.45116760547706	0.209491173790504	4.13462576873641	3.55533509102438e-05	0.00108022818742851
Sm_t00009899-RA	506.604752243963	1.4480097730439	0.176042382097007	4.90228411342644	9.47286954820866e-07	4.38380309843691e-05
Sm_t00000351-RA	203.398454370336	1.44726098603787	0.234618992401685	3.67515424566149	0.000237705759660185	0.00559727150541011
Sm_t00004336-RA	227.670397625849	1.44713920682561	0.282258877230994	3.05442725232716	0.00225490694734701	0.0371839032347273
Sm_t00005954-RA	161.93028330456	1.44249627289694	0.279623458086298	3.06661064406226	0.00216500665016745	0.0359606706249805
Sm_t00004337-RA	84.3334399848515	1.44157873063179	0.263090561708457	3.25583223156824	0.00113060535848448	0.0204095298760467
Sm_t00007306-RA	531.804734328986	1.4353443670047	0.189052870729801	4.49791830043162	6.86220556354919e-06	0.000256125024437179
Sm_t00009410-RA	579.956074415888	1.43220408146533	0.13827815458358	6.12681073172159	8.96580174789329e-10	7.55581145196144e-08
Sm_t00000013-RA	801.295761523762	1.43060704082339	0.143188042610263	5.9055702236604	3.51429046376576e-09	2.61724739096825e-07
Sm_t00004154-RA	1440.81129255417	1.42356692823331	0.151017726602515	5.5527714997356	2.81175519725692e-08	1.82274591977643e-06
Sm_t00012177-RA	448.927483839792	1.42246313448187	0.178947880462537	4.67992765445014	2.86976163304039e-06	0.000119152535558007
Sm_t00017243-RA	342.049712572785	1.41999057147005	0.179157070692774	4.66066211197396	3.15193792374015e-06	0.000128676525849269
Sm_t00003542-RA	139.171733652369	1.41534102538777	0.193385883335656	4.29370030048452	1.75719638274953e-05	0.000582530610364088
Sm_t00004116-RA	314.406936988908	1.41435083311305	0.234491085190226	3.53681178301621	0.000404988169690907	0.00877555351476772
Sm_t00001235-RA	474.150740894324	1.41406257193599	0.270335796467857	3.06678798282847	0.00216372269131858	0.0359606706249805
Sm_t00016516-RA	177.058654262796	1.41232898562613	0.275737210709049	3.00042559906472	0.0026960260895539	0.0433039349153771
Sm_t00005506-RA	644.831421223403	1.4110731957213	0.225802817195685	3.65838303516563	0.000253811526529959	0.00590702058546178
Sm_t00006226-RA	112.534694207077	1.40979751750751	0.263629788948639	3.12862033079351	0.00175629082031038	0.0300125171983028
Sm_t00013943-RA	3653.9828058549	1.40707314837161	0.141276793394787	5.81888312027574	5.9242139629323e-09	4.21593395442098e-07
Sm_t00015680-RA	198.993133996654	1.4038690443122	0.225287587205107	3.63477213490098	0.000278226435992705	0.00639162366300601
Sm_t00016329-RA	154.542157325159	1.40326837354886	0.269360068919827	3.03782359735145	0.0023829340292367	0.0389739935404883
Sm_t00010170-RA	269.009308582641	1.39785090315014	0.192325621654527	4.22643065524707	2.37427394335031e-05	0.000758819847922658
Sm_t00013377-RA	126.642635712518	1.39521530884385	0.212974752534453	3.80427867248151	0.000142218004997017	0.00358049480505068
Sm_t00018868-RA	450.811320504272	1.39385469900824	0.129925054439583	6.22554827856061	4.7987485015508e-10	4.22184401136436e-08
Sm_t00012639-RA	3301.79150482658	1.39289146135425	0.114220778155459	7.07306914206694	1.51543929675654e-12	1.89571984528638e-10
Sm_t00001445-RA	575.390372388922	1.39264698124434	0.21501649422757	3.75620942079698	0.000172506355960919	0.00424296739116165
Sm_t00010622-RA	1363.50520173194	1.38409167532883	0.217411588717346	3.67547875457419	0.00023740379762598	0.00559727150541011
Sm_t00006767-RA	5733.73955901002	1.38270831973951	0.242517128285178	3.28928651505997	0.0010044172073151	0.018443495783864
Sm_t00017025-RA	174.269453583413	1.37854897966083	0.2473160220768	3.20864363334458	0.00133362677790572	0.0235435854110545
Sm_t00011259-RA	2751.7792946362	1.37613682711782	0.251769202548028	3.14230977860327	0.00167620589562958	0.0288595793557213
Sm_t00002944-RA	137.153966857361	1.37491517011877	0.238857721426195	3.30705310844577	0.00094283015238998	0.0176063118152855
Sm_t00011191-RA	387.630081914115	1.37397754374683	0.170380611302226	4.63067679894233	3.64472415946249e-06	0.000146263968023342
Sm_t00005625-RA	2198.83118420885	1.37257438927411	0.133441004969532	5.90204180082381	3.59030163456273e-09	2.66147730428789e-07
Sm_t00008481-RA	105.195785667892	1.36907597160246	0.260062614187375	3.01495074196837	0.00257020993724121	0.0416540501165044
Sm_t00000800-RA	1504.67646585521	1.36238634806046	0.155349480254052	5.00411296381008	5.61198423234905e-07	2.69150417769922e-05
Sm_t00003675-RA	826.368913027659	1.35982155505555	0.174689669109784	4.43541715434018	9.18941670206204e-06	0.000327708107424092
Sm_t00003249-RA	1435.1358108477	1.35935441483458	0.138501199730801	5.59095817465596	2.25819976718948e-08	1.50034417727128e-06
Sm_t00003814-RA	2101.72949789435	1.35852999988738	0.134863853404635	5.73563620169257	9.71469859506107e-09	6.76311973496164e-07
Sm_t00002886-RA	1185.607576281	1.35616130465615	0.23704623810639	3.25321047411028	0.00114108942818586	0.0205755900046306
Sm_t00012228-RA	220.229067792097	1.35514170952121	0.195821387157205	3.93287842917248	8.39346931844386e-05	0.00226637825846413
Sm_t00007373-RA	1987.47622011143	1.35368676921315	0.107871666455265	7.12593764862176	1.03374508978656e-12	1.34571759167986e-10
Sm_t00001867-RA	1980.34491002872	1.35085684995503	0.194453351895469	3.93851194895689	8.1988511764159e-05	0.00222508483113172
Sm_t00004684-RA	2685.23147505992	1.34832281503312	0.117498696191985	6.49643646926858	8.22448231318479e-11	8.17952862103819e-09
Sm_t00009573-RA	1856.75866585757	1.34227520425436	0.191284597619103	3.95889273720975	7.52980421434325e-05	0.00206804845763403
Sm_t00013173-RA	2414.97155545149	1.34014632399399	0.177303045500578	4.25907136486005	2.05277930323671e-05	0.000668071182996467
Sm_t00002619-RA	3960.98417552775	1.33567769324075	0.104575433083393	7.17833692968912	7.05644886976879e-13	9.57524231379134e-11
Sm_t00008396-RA	811.866662536649	1.33533895825742	0.207800127996775	3.61086860480216	0.000305173247989177	0.00693111212312441
Sm_t00011431-RA	8936.33881073505	1.33045551339888	0.154641306852152	4.82054587207791	1.43165930567141e-06	6.26331388044006e-05
Sm_t00005799-RA	615.889535073322	1.33023905625022	0.185914845067933	4.00849677161561	6.11064740323843e-05	0.00171055395490653
Sm_t00012437-RA	2345.11166875568	1.32595654888482	0.13306304812134	5.56846216395961	2.56997418133083e-08	1.67278156875891e-06
Sm_t00011730-RA	1394.53133448229	1.32595014588731	0.171147567691905	4.32930573235576	1.49580154336537e-05	0.000507431659160304
Sm_t00014856-RA	665.969254560551	1.32585053951278	0.170110840869098	4.35510479948111	1.33003270803344e-05	0.000456027488673051
Sm_t00020206-RA	981.782107985183	1.32518822322091	0.137042599969909	5.40115426431952	6.62134532827632e-08	4.00079175080605e-06
Sm_t00007410-RA	1306.72009357606	1.32493786921439	0.194602087874144	3.80231207844458	0.000143351993844794	0.00360337853287731
Sm_t00005833-RA	2360.18375612405	1.32394779554435	0.197575219507101	3.74008338387696	0.000183959219002157	0.00449017532722947
Sm_t00012101-RA	277.601599806252	1.3237649772758	0.204872285127243	3.60597811859696	0.000310979341978317	0.00705297623761587
Sm_t00009789-RA	2724.4386010161	1.32187315546026	0.161039192254303	4.57573802467066	4.74544077503099e-06	0.000186235288455383
Sm_t00006856-RA	334.475494925018	1.31372597424143	0.158597771096972	4.59480589923213	4.33152272039077e-06	0.000170828428076101
Sm_t00009532-RA	338.500386423341	1.31331755389652	0.174014457766618	4.18538530214145	2.846827912927e-05	0.000890300948081781
Sm_t00005171-RA	3733.76211910511	1.31238277290846	0.237153860740576	3.0671344360029	0.00216121633300097	0.0359606706249805
Sm_t00003019-RA	1426.12098597735	1.31151141347548	0.119928108147619	6.05789105404069	1.37917749514324e-09	1.11532272991079e-07
Sm_t00008467-RA	1746.28508454303	1.31114292113141	0.136384861434479	5.32421937078596	1.01387491811233e-07	5.79791613886237e-06
Sm_t00012027-RA	1259.17809193679	1.30204007689819	0.132966420378098	5.3926402986502	6.94298504989966e-08	4.17936378266893e-06
Sm_t00015036-RA	600.750531021274	1.29701088842736	0.126553932212993	5.62614591247174	1.84280484401139e-08	1.23978954463489e-06
Sm_t00001744-RA	488.19285799005	1.29597792657037	0.2166103888267	3.28228913867652	0.00102967963871009	0.0188753033026067
Sm_t00003432-RA	2987.67808616136	1.2944105454658	0.184176436576226	3.85179862665109	0.000117253428220926	0.00302816434302173
Sm_t00016889-RA	3094.08501085829	1.29314220915673	0.179627110355691	3.94229026873777	8.0707216455374e-05	0.00220150587714386
Sm_t00000271-RA	672.068552834088	1.2928760513644	0.113146333484844	6.25628802597675	3.9424834001943e-10	3.52665051418498e-08
Sm_t00003923-RA	2082.95764650112	1.29221146588171	0.188056981549975	3.76062329647556	0.000169490508232326	0.00418808953366667
Sm_t00006857-RA	180.256246792421	1.29179075152481	0.215387975408741	3.28147729780892	0.00103264836954056	0.0188753033026067
Sm_t00011919-RA	380.064518643887	1.28537891253052	0.134328822419094	5.21391388622023	1.84897326798609e-07	9.8685866556644e-06
Sm_t00001543-RA	1909.06869795242	1.279730221065	0.0971340692443642	7.15228165019256	8.53472247068414e-13	1.14838635462684e-10
Sm_t00008807-RA	2178.46373561322	1.27901729573848	0.126161335919983	5.50103001587312	3.77578917394278e-08	2.39912445449095e-06
Sm_t00003543-RA	142.89591112416	1.27739534963153	0.213354870509236	3.24527557294059	0.00117337013649608	0.0210627832125283
Sm_t00013062-RA	978.093985796679	1.27317475261768	0.156542378516536	4.3960923498105	1.10217056691623e-05	0.000384487039596135
Sm_t00003479-RA	793.652796765153	1.27159452856865	0.183671641734719	3.73816296344928	0.000185369782124212	0.00451771834303331
Sm_t00008427-RA	893.900489130312	1.27156669545027	0.166278764286481	4.12901008975137	3.6432841731405e-05	0.00109861141582534
Sm_t00015741-RA	193.381213959876	1.27002812386459	0.231467046668058	2.95950604513899	0.00308132656465208	0.0486570029124351
Sm_t00006908-RA	439.980137009222	1.26658912842553	0.181412294759142	3.75712753829869	0.000171874911030106	0.00423394011602164
Sm_t00020213-RA	144.02609906904	1.26324344104457	0.202479842595933	3.34968376283296	0.000809038702383437	0.0154770940293472
Sm_t00005871-RA	2018.79094670792	1.261181397776	0.163634611796412	4.13226389180598	3.59207675543392e-05	0.00108932448878803
Sm_t00013116-RA	3081.9951887419	1.2609879491085	0.140213625699914	4.82112880067202	1.42748147293447e-06	6.26214612181556e-05
Sm_t00019954-RA	438.006274808246	1.26031471212581	0.173627223831808	3.88945176466099	0.00010047093502153	0.00264595495323148
Sm_t00008877-RA	159.787177938454	1.26011770957105	0.19377947844174	3.48394842942062	0.000494074678143114	0.0103413382306242
Sm_t00009092-RA	10471.6537951729	1.25945712632879	0.218762472101339	3.08305679603198	0.0020488604749315	0.0343452277604684
Sm_t00017871-RA	535.760150161361	1.25551560048732	0.138972787231765	4.82479781720939	1.40145360508094e-06	6.16485580344947e-05
Sm_t00007256-RA	4421.44944416621	1.25412656138571	0.121766033630177	5.49518237095538	3.90306851174133e-08	2.47019498063249e-06
Sm_t00014682-RA	2993.57382188989	1.25300069924842	0.0920555493903866	7.25649571016714	3.9724732366196e-13	5.57062992439831e-11
Sm_t00009337-RA	2687.88752131258	1.25227994151778	0.141532882343644	4.71466369135063	2.42110301285569e-06	0.000102829446795346
Sm_t00003677-RA	1333.94774349381	1.25213394963384	0.132763363263233	5.02498530645909	5.03471082352403e-07	2.45032795459778e-05
Sm_t00002576-RA	5218.47517029118	1.25157337105092	0.111973442543469	5.95295952245238	2.63336445261119e-09	1.97959772841364e-07
Sm_t00005795-RA	1524.58080903762	1.24904471072457	0.155600787491278	4.26761793067271	1.97571330790346e-05	0.000646934999716772
Sm_t00003804-RA	1126.00999851868	1.24587946115241	0.186074235787943	3.55169783905802	0.00038275412787438	0.00839542341852681
Sm_t00012028-RA	863.059500206922	1.2419133052811	0.210644021359805	3.11859458930011	0.00181715803930239	0.0308550737277941
Sm_t00001778-RA	575.569931029669	1.24109491623986	0.140785333819712	4.66025045677019	3.15824847981282e-06	0.000128676525849269
Sm_t00003654-RA	430.828607251917	1.23772633405797	0.183092368512826	3.5650111436089	0.000363840729426976	0.00806899966701488
Sm_t00005676-RA	422.674863170329	1.23671299067518	0.154939861943623	4.20623190507501	2.5966378584951e-05	0.000816844113756849
Sm_t00002889-RA	1291.68804845249	1.23535687737028	0.121219347501242	5.3651243862999	8.08934532372626e-08	4.74456400452399e-06
Sm_t00005780-RA	221.482817083966	1.23499546536347	0.21274066941376	3.05534182605814	0.00224804145844838	0.0371089070439953
Sm_t00010147-RA	475.091764856612	1.23026499257469	0.189264340378893	3.40933210811357	0.000651221483958476	0.0129371692321875
Sm_t00022519-RA	1535.3122530137	1.23010519852346	0.0866536720089067	7.44463775819163	9.72107867611799e-14	1.44123992372223e-11
Sm_t00000531-RA	663.77259000027	1.228172653252	0.120002890255532	5.35964302095089	8.33865576354411e-08	4.87294000313388e-06
Sm_t00012749-RA	588.345614574533	1.22734520798968	0.151352052761222	4.24404688453793	2.19524455323751e-05	0.000707663093139224
Sm_t00013378-RA	911.931078295797	1.22463398977455	0.175171847353488	3.6514656860574	0.000260747942041617	0.00604210716059387
Sm_t00008728-RA	792.276054357801	1.21985060959962	0.175254941001341	3.62244057698074	0.000291836515153002	0.00668510197515002
Sm_t00001841-RA	1627.25820214247	1.21731971800966	0.142320602733633	4.44292467755434	8.87442397872e-06	0.000319319723027561
Sm_t00012446-RA	1646.3560771951	1.21451301563155	0.141871785172386	4.43719669042463	9.11380093510733e-06	0.000326465728351093
Sm_t00011869-RA	757.311034621002	1.21309065854879	0.137129261373559	4.58028178856579	4.64349870185634e-06	0.000182682312565414
Sm_t00009747-RA	219.561290641186	1.21276106894649	0.16328397962439	3.84459682076928	0.000120750803331713	0.00311346515772527
Sm_t00018491-RA	770.065137834879	1.21144453204691	0.120905462828356	5.18127566275685	2.20373523169625e-07	1.16073054374738e-05
Sm_t00014302-RA	457.625023014615	1.20999287761158	0.145039576625059	4.30911956691138	1.6390574210977e-05	0.000547798135534432
Sm_t00000661-RA	1278.97339883155	1.20806662063259	0.133228692536329	4.67666993326302	2.91570991999862e-06	0.000120016316809815
Sm_t00009561-RA	1885.41344922257	1.20751304948764	0.134890510338991	4.61495065830219	3.93188717577481e-06	0.000156610391687827
Sm_t00020299-RA	289.24519535935	1.20532893983279	0.176679702790927	3.51103680860757	0.000446362588077704	0.0095129211810027
Sm_t00014993-RA	1248.33475464113	1.20382319575236	0.105932785594335	5.84165886208373	5.16835594578382e-09	3.75380743237988e-07
Sm_t00009876-RA	457.647845396995	1.19326676678425	0.18227474059141	3.33708754603442	0.000846612762097168	0.0160425604102957
Sm_t00007266-RA	1327.31758897014	1.19203585413122	0.136452114926633	4.44870975035903	8.6387661279266e-06	0.00031154036765847
Sm_t00016602-RA	1030.32525474493	1.19173484669427	0.157487295599863	3.85259550227999	0.000116872370143261	0.00302809124714223
Sm_t00010850-RA	801.345368880689	1.19114662660927	0.114026526415934	5.31583874087534	1.06167143170774e-07	5.98573343820574e-06
Sm_t00008754-RA	325.834835436791	1.1878187029367	0.161176612630268	3.7401127440216	0.000183937732277364	0.00449017532722947
Sm_t00008932-RA	404.915377981515	1.18770825428104	0.142276158550304	4.23618588259776	2.27348591471699e-05	0.000729520169668305
Sm_t00000697-RA	3163.78774330791	1.18021087361241	0.146161803223765	4.07227374378504	4.65564168003719e-05	0.00135292440255455
Sm_t00006705-RA	731.143812092936	1.17620961002812	0.176589804634106	3.34792606658751	0.000814187288121627	0.0155384587096585
Sm_t00005783-RA	4211.16179199432	1.17614217433332	0.157263165256585	3.75893600620866	0.000170637471509243	0.00420993404284436
Sm_t00001694-RA	1110.65858266872	1.17432905394336	0.143830348186415	4.09739016399755	4.17834315098274e-05	0.00122607890008932
Sm_t00000475-RA	2516.85612017542	1.17334039716896	0.132942833808163	4.42551418768413	9.62128326961697e-06	0.000340079443075291
Sm_t00006320-RA	1052.42083231998	1.17273355418823	0.128674213919437	4.56760944004062	4.93318122993407e-06	0.000191768947854297
Sm_t00012318-RA	509.424722456155	1.17136714507914	0.175139864364082	3.34799360047579	0.000813988909799544	0.0155384587096585
Sm_t00007105-RA	3176.81253105055	1.16965397640381	0.159635042435757	3.66244132543199	0.000249822985377312	0.00583114525052699
Sm_t00015409-RA	2417.61533889564	1.1695380133955	0.16922931240594	3.45411799578391	0.000552095759255236	0.0112470194620799
Sm_t00015392-RA	458.165520060248	1.16444971996696	0.144201633130178	4.01832980243613	5.86121222405347e-05	0.00164938014290939
Sm_t00018524-RA	688.025574889705	1.16403448313487	0.120987183943275	4.78591586532301	1.70209353097896e-06	7.4059569614226e-05
Sm_t00011389-RA	594.764171642531	1.16250494742846	0.148242604182104	3.89567459783047	9.7925789069624e-05	0.00258317583951041
Sm_t00005633-RA	1196.317905481	1.16207498218772	0.142111835205713	4.06071022411596	4.89236627743862e-05	0.00141146970872698
Sm_t00005930-RA	383.324444234062	1.15963921204624	0.176689072407104	3.25226231717506	0.0011449030601576	0.0205979638193748
Sm_t00009979-RA	1354.10092566659	1.15896635664814	0.166530172457389	3.44662080257562	0.000567644718113305	0.0114616988983988
Sm_t00005358-RA	384.448122779649	1.15610135040123	0.181653484447776	3.14390528834266	0.00166709386437986	0.0287335919875676
Sm_t00012007-RA	799.61959702361	1.15438648987528	0.12261921048385	4.64353413815422	3.42499369090661e-06	0.000138138536470521
Sm_t00004863-RA	3592.74551208209	1.15192598153721	0.13208465005422	4.29214129957187	1.76958275127181e-05	0.000585424773003393
Sm_t00007993-RA	870.591237946498	1.14997143414949	0.14038810554925	4.02435400021327	5.71319242670269e-05	0.00161339748035914
Sm_t00007558-RA	1887.24772427949	1.1471955235384	0.12300502470263	4.57050860237245	4.8654194823497e-06	0.000190012431100935
Sm_t00009317-RA	910.09411291971	1.14458128952364	0.1563348970748	3.57937543052783	0.000344416375379272	0.00771300000359847
Sm_t00005010-RA	607.828278892808	1.14123673112743	0.122953947818228	4.52394364717558	6.06978918415022e-06	0.000230805707494373
Sm_t00018694-RA	1634.31049886892	1.13789090054053	0.106898911461954	5.17209102486792	2.31488761100616e-07	1.21130654991603e-05
Sm_t00004522-RA	465.016888494145	1.13728328543369	0.128623586406276	4.29379479195377	1.75644830293103e-05	0.000582530610364088
Sm_t00004625-RA	891.52295474973	1.13449750385835	0.180425843485088	3.04555873617833	0.00232248410322961	0.0381411440624744
Sm_t00006786-RA	673.490094109293	1.12999982529379	0.124629877788124	4.37294680028747	1.22580602981254e-05	0.000422099056975449
Sm_t00007955-RA	313.448335301244	1.12721528217809	0.16927047568593	3.20324781968556	0.00135886992169114	0.0239628030684126
Sm_t00000767-RA	1845.69729959745	1.12620368644385	0.120972463084215	4.47377587134925	7.68502958814726e-06	0.000282879755782561
Sm_t00011636-RA	1530.03942035856	1.1220930644919	0.149469046023732	3.59333975013545	0.000326466460063909	0.00734182718896532
Sm_t00011524-RA	1655.32444819078	1.12122818645325	0.174760441039862	3.06836137092912	0.00215236166317546	0.0358995989070473
Sm_t00001575-RA	5653.93698240467	1.11781366735932	0.123410304099997	4.31741637171226	1.57866190932692e-05	0.000528818713224742
Sm_t00010072-RA	714.939260436655	1.11767337862967	0.126267352500953	4.21861524835291	2.45807318290258e-05	0.000783048483143793
Sm_t00005050-RA	714.329929049543	1.11745381112789	0.150239066533673	3.54404365930052	0.000394039988360713	0.00860759658067085
Sm_t00012256-RA	813.937613775974	1.11686371273182	0.138629646366242	3.83657988513296	0.000124759625836737	0.00320650261460327
Sm_t00006905-RA	349.305840229103	1.11601710256262	0.12745126545236	4.16643256289288	3.09403363958563e-05	0.000960109818547385
Sm_t00007690-RA	322.313999082311	1.11522527265636	0.138242084116014	3.83548378951949	0.000125317372129598	0.00321053082006261
Sm_t00013093-RA	1452.28038293119	1.11493242791193	0.146465856092887	3.6181294538425	0.000296739969690313	0.00676379282511491
Sm_t00003002-RA	418.434927018046	1.11279562757738	0.122038791527081	4.32481853493495	1.52657473629843e-05	0.000514600309002324
Sm_t00007760-RA	680.104000807975	1.1121006398183	0.103273913767463	5.10390882449891	3.32708617269361e-07	1.69121599356096e-05
Sm_t00017002-RA	263.304006364942	1.10714842548296	0.153645925907936	3.39838770470119	0.000677842842604073	0.0133336850070963
Sm_t00005046-RA	857.504892335777	1.10538523162919	0.129840458120376	4.00788197425132	6.12657225305125e-05	0.00171201875943903
Sm_t00005467-RA	1476.65742684874	1.10458554382717	0.0905514736626953	5.73801311906455	9.57936973309981e-09	6.6980291775718e-07
Sm_t00013337-RA	477.164595162151	1.1012737270118	0.146303031324608	3.52879719809988	0.000417452909775105	0.00898421504209541
Sm_t00000950-RA	931.95514963863	1.10107597350526	0.148800751320712	3.46823499830961	0.000523888943318777	0.0108518884352138
Sm_t00009116-RA	1040.67145445781	1.10006009168923	0.0961517157936959	5.35674363621709	8.47352150525952e-08	4.9337464124442e-06
Sm_t00013267-RA	3082.22751091136	1.09806938158011	0.168152947286722	3.05120659410903	0.00227923688740143	0.0375464414002795
Sm_t00007722-RA	831.426243812058	1.09741564003358	0.131784692949821	3.88827889312372	0.000100957581668575	0.00265440525070152
Sm_t00016604-RA	1644.21548130567	1.09386909566811	0.154648256968506	3.29049357324309	0.00100011786346919	0.0184067669308835
Sm_t00013930-RA	1720.4552756836	1.09168533992584	0.117344014867805	4.31794787741539	1.57486607777505e-05	0.000528653158015392
Sm_t00010534-RA	6376.97829698164	1.09101215104765	0.123144065803932	4.10910706694801	3.97191909127252e-05	0.00118212580835419
Sm_t00006941-RA	633.591150835034	1.090529649904	0.1503030284118	3.36340295498873	0.000769878988299373	0.0148521715188549
Sm_t00011799-RA	3696.55019115308	1.09037806325979	0.146965235967092	3.43875924081088	0.000584386706924629	0.0117552763206999
Sm_t00000912-RA	1894.97405983706	1.08931487357259	0.135966224117136	3.7091187671588	0.000207981858182331	0.00500782783942178
Sm_t00014286-RA	3357.13637033961	1.08828764897747	0.147854946941021	3.40392837297648	0.000664241689691529	0.0131631657615603
Sm_t00017645-RA	446.252965901585	1.08798921431833	0.143693289035307	3.50043636480991	0.000464497123361807	0.00986409541017142
Sm_t00002679-RA	2061.39444956478	1.08640920507866	0.16920176909589	2.96338039346681	0.00304280287796597	0.0481436360493983
Sm_t00011232-RA	5272.51057040248	1.08553018066564	0.134079476981184	3.73308571852415	0.000189148187300423	0.00460279753047778
Sm_t00002359-RA	501.584742452311	1.08368115702273	0.140190752490716	3.55716156852612	0.000374883603050036	0.0082909340497751
Sm_t00003309-RA	13230.974758079	1.07873060862173	0.134500805561389	3.6708375578939	0.000241756957356219	0.00567597126273868
Sm_t00014072-RA	1930.29798091614	1.07864724791852	0.0928975979301702	5.31388603061175	1.07311749466156e-07	6.02383996553203e-06
Sm_t00006749-RA	13984.2811604344	1.07613716905088	0.150108266087976	3.27188623152192	0.0010683255621336	0.0193726261618156
Sm_t00010484-RA	383.696376604083	1.07607306487982	0.16586781451166	2.96062901850857	0.00307011501574388	0.0485278199724492
Sm_t00001684-RA	1084.22365541195	1.07489789580218	0.156328599550746	3.13377013041787	0.0017257599084113	0.0295830007240361
Sm_t00003921-RA	1155.95613440389	1.06930268163335	0.114991355859859	4.21164424066423	2.5351859200779e-05	0.00079908261717101
Sm_t00012640-RA	812.667652669406	1.06875312635654	0.134596832916186	3.59408996389816	0.000325527353319228	0.00733100419317507
Sm_t00014622-RA	2021.02253561805	1.06320807977514	0.124843618651923	3.83045673410376	0.00012790562281762	0.00326638729275235
Sm_t00014002-RA	843.253941544443	1.05980509481555	0.146597010145539	3.23884569231096	0.00120014484450394	0.0214472313060235
Sm_t00006953-RA	346.041376918565	1.05965587316324	0.149809582714767	3.16839460174564	0.00153283316386319	0.0266200917785005
Sm_t00009596-RA	923.986339607797	1.05714274322204	0.140637897032555	3.35715161549062	0.000787499166385305	0.0151498832618579
Sm_t00006544-RA	612.212234940978	1.05596390751178	0.141678848048158	3.3241652794332	0.000886836202298382	0.0166666916328658
Sm_t00019947-RA	532.794671041648	1.05593336661816	0.14278383933816	3.29822596731573	0.000972977993849716	0.0180316245804649
Sm_t00012772-RA	735.954499540429	1.05536259284129	0.141044605701729	3.33484992567513	0.000853454455658601	0.0161528584428823
Sm_t00007310-RA	708.045207475495	1.05181737328698	0.136790753461768	3.41263836533696	0.000643372567990491	0.0127971199486506
Sm_t00021541-RA	2714.97538886923	1.05178799153791	0.131353977195324	3.553664696759	0.000379903238811439	0.00835578387341862
Sm_t00020698-RA	6095.85921334846	1.04846359961976	0.0920295392687706	5.03603085815981	4.75283972835038e-07	2.34161445324142e-05
Sm_t00011450-RA	1013.56083931603	1.04790857753346	0.135908396149983	3.40603370098349	0.000659140421215666	0.0130782607490771
Sm_t00009340-RA	3897.82909408705	1.04638885941618	0.136483855189923	3.38053800410414	0.000723440697502225	0.0140750090503106
Sm_t00009102-RA	1353.06254973158	1.04613588093648	0.11863046328726	3.8871624383684	0.000101422886256403	0.00266068241883188
Sm_t00005656-RA	13041.9757062496	1.04350283067159	0.127303965906067	3.60163823183566	0.00031621820716675	0.00715153380388983
Sm_t00015368-RA	14044.3389700636	1.04261063012838	0.133110643539787	3.43782148413698	0.000586414157726716	0.011781259088482
Sm_t00012504-RA	1064.97746775617	1.04249625297942	0.129379534137116	3.53607899449206	0.000406113237224762	0.00877555351476772
Sm_t00006930-RA	727.071985875007	1.04111089706751	0.120727357297996	3.77802436229653	0.000158077418166675	0.00393644730899659
Sm_t00014687-RA	2404.9210111639	1.04028680196476	0.102636767900507	4.43590353903297	9.16869000433384e-06	0.000327698804351325
Sm_t00002398-RA	17435.0720702434	1.03827442659687	0.138161035215464	3.28076889326995	0.00103524532499742	0.0189011951469313
Sm_t00011554-RA	945.675531679298	1.03539836536457	0.130055088088862	3.46313529123003	0.000533919862083328	0.0109999573583135
Sm_t00008273-RA	1199.3265782708	1.034986344628	0.107334036674288	4.1923918877058	2.76028636426376e-05	0.000865043540304439
Sm_t00012844-RA	14442.9643011222	1.03371332766829	0.137078889713597	3.27339482108299	0.00106263930639721	0.0193304751677196
Sm_t00018140-RA	2998.25522221959	1.03356219476342	0.10884309512717	4.12118191089046	3.76933641003623e-05	0.00113235674666979
Sm_t00005712-RA	440.710966787595	1.03259355915304	0.129282241750514	3.46214261984102	0.000535893097446945	0.0110009234311801
Sm_t00002023-RA	619.732119159193	1.02903639898446	0.141965370383786	3.12777966756305	0.00176132163747453	0.0300663987838403
Sm_t00010034-RA	1171.76606905082	1.02835801936433	0.131756736430542	3.36497420454895	0.000765508154513417	0.0148136293136329
Sm_t00008716-RA	720.935485021048	1.02787651129801	0.117004136234498	3.78513551358907	0.000153624842664936	0.00383152800740025
Sm_t00012051-RA	3421.22990039505	1.0273064612331	0.0988912840863789	4.47265363494273	7.72548573423838e-06	0.000283716691689507
Sm_t00016357-RA	1139.04711800181	1.0266485247475	0.126653038349225	3.48707406078747	0.000488336105878997	0.0102346043551499
Sm_t00011332-RA	3042.6670662211	1.02330056891561	0.134411346033881	3.26088966332599	0.00111063248673748	0.0200716110357117
Sm_t00008664-RA	757.644569739982	1.02285793471245	0.125335300263531	3.49349252598278	0.000476746328959328	0.0100840980439852
Sm_t00016900-RA	1805.67477736036	1.02165399074599	0.105163987190862	4.15212471883091	3.29402649745982e-05	0.00101042054171124
Sm_t00008785-RA	1107.39224316654	1.0211688741909	0.138971738225689	3.13854370507024	0.00169789612845049	0.0291702927132503
Sm_t00007033-RA	3088.0000191874	1.01938986251659	0.0964311714426332	4.50466229973161	6.64785739666142e-06	0.000249286867998461
Sm_t00003581-RA	1215.13959745265	1.01733804500825	0.105309560189382	4.10540167702497	4.03612931514957e-05	0.00119678708507731
Sm_t00018519-RA	3250.04248040005	1.01574347337093	0.10869213882816	3.96296804916061	7.40236916938731e-05	0.00203972603930967
Sm_t00000001-RA	1567.40529171507	1.01227076501093	0.112699634024925	3.7912347161343	0.000149900205582637	0.00375618480718183
Sm_t00008689-RA	7550.40897491334	1.00598042075284	0.0954289540829223	4.41145378568258	1.02678871625842e-05	0.000361339360983072
Sm_t00005921-RA	1503.68112460928	0.995707287119835	0.121486804940003	3.38067403552729	0.000723082673039615	0.0140750090503106
Sm_t00009368-RA	850.659372296934	0.985005951394563	0.112935212644268	3.54190639065367	0.000397246420359013	0.00866581700652386
Sm_t00012086-RA	1317.06421517874	0.983138600707489	0.106365497603086	3.74311792526169	0.000181750878147213	0.00444983954265011
Sm_t00004307-RA	637.483653247312	0.982792996125719	0.127205435116658	3.12716980812108	0.00176497953367354	0.0300967543058368
Sm_t00000078-RA	9544.54307362146	0.979115161721629	0.119245107693145	3.30508453844338	0.000949477562948371	0.0176985270523042
Sm_t00004930-RA	996.539799080621	0.979043746354662	0.113786216530615	3.46301826679194	0.000534152131117423	0.0109999573583135
Sm_t00001397-RA	587.853399925753	0.972652493269963	0.113918129073463	3.40290431753822	0.00066673625289036	0.0131962680856371
Sm_t00007804-RA	1857.55212444265	0.970820774644408	0.10487163458422	3.67898122475211	0.000234167504386303	0.00553022135727653
Sm_t00020269-RA	1349.06057060074	0.968062287336795	0.113945249452491	3.36181007262185	0.000774333640182206	0.0149201326673857
Sm_t00007717-RA	680.697030915529	0.967648189024591	0.110061112191213	3.47668837254527	0.000507647479747414	0.0105839211532755
Sm_t00013061-RA	2724.93646767593	0.966971802443939	0.0978841334926908	3.90228516935752	9.52887998129561e-05	0.0025177628095793
Sm_t00010398-RA	1134.44919333383	0.957889519630908	0.125351693257718	2.974746570549	0.00293230690929783	0.0464872259719573
Sm_t00003857-RA	1262.05736361625	0.955298814020889	0.106613215894211	3.4732918514373	0.000514115970515608	0.0106909414544103
Sm_t00017690-RA	7254.69917585484	0.955196833229611	0.10615216551296	3.48741668566728	0.000487710850584076	0.0102346043551499
Sm_t00013339-RA	2102.1727942028	0.954771464944316	0.116790108648598	3.16611971016223	0.00154487201871594	0.026742152176951
Sm_t00009273-RA	6220.595521617	0.95431525076852	0.117560451403555	3.14149228213453	0.00168089238813141	0.0289091825120947
Sm_t00013295-RA	1705.69616385631	0.949531305760138	0.122176705487976	2.98364000162056	0.0028484169035879	0.045381941751492
Sm_t00007385-RA	2742.7425035502	0.949301941550884	0.0790691295969415	4.60738525146197	4.07764094689044e-06	0.000162012870574714
Sm_t00004054-RA	2086.47948582486	0.947984102375479	0.0868280859590934	4.18049181167588	2.90879286476911e-05	0.000907906264145868
Sm_t00004543-RA	2631.86043830626	0.947662306005163	0.0921887983687667	3.93390859217481	8.35755774793939e-05	0.00226049349087847
Sm_t00003935-RA	2219.01469101814	0.943537298418443	0.118346484559298	3.02955596656356	0.00244913521855712	0.0400158705301394
Sm_t00001328-RA	1621.79797689003	0.942745617197956	0.0885532916631475	4.03989067463244	5.34761224989844e-05	0.00152088751945602
Sm_t00015749-RA	857.115813355117	0.936470379405737	0.0996466836114838	3.52716584905222	0.000420033571089245	0.00902762085943758
Sm_t00018876-RA	789.417796252771	0.933763807792728	0.116911623073298	2.98314058623641	0.00285306909364682	0.0454108770650824
Sm_t00006191-RA	1161.42890774806	0.931951377285698	0.10601513529291	3.27265891164601	0.00106540962822321	0.0193416541577212
Sm_t00010454-RA	7069.23669676338	0.929011956140278	0.0964184751226332	3.56790496533713	0.000359846963950596	0.00799149734643128
Sm_t00016939-RA	74614.7192884015	0.927104576595508	0.113439445893158	3.01574618865571	0.00256347741731905	0.0415870318197696
Sm_t00005642-RA	1291.82634723788	0.920197763423278	0.109514408035036	3.06076405321973	0.00220772995341277	0.0366323026052283
Sm_t00017304-RA	3980.9436898816	0.917709995413469	0.10112956438405	3.28993798638319	0.00100209465243764	0.018421974253538
Sm_t00010894-RA	3066.98678485928	0.902472224373214	0.0968638851269035	3.2775086809422	0.00104727510181297	0.0190990534512863
Sm_t00010256-RA	2620.25983726712	0.900286859666081	0.0946346104967294	3.33162315574784	0.000863410870078792	0.0162942193779858
Sm_t00011417-RA	16043.5784712575	0.893805393683022	0.0927511757568686	3.32939600132404	0.000870345611127509	0.0163952634416161
Sm_t00013227-RA	3363.87058554786	0.889547527062067	0.0881602699128152	3.45447589218187	0.000551363507890524	0.0112464108131759
Sm_t00004678-RA	1144.7107132154	0.88351693835732	0.096136220121214	3.10514536540893	0.00190185531144247	0.0321228979396802
Sm_t00004345-RA	812.188559791918	0.88107790518672	0.0944370163435548	3.13518910963484	0.00171743359180427	0.0294743265508788
Sm_t00006545-RA	2853.04822625572	0.878520189264829	0.0992447702025994	2.95753810166151	0.00310106421161479	0.0489204336516021
Sm_t00009742-RA	1318.09424527679	0.877184240770544	0.0871855546621342	3.35129187286623	0.000804354759196637	0.0154243453943192
Sm_t00001644-RA	7260.31596408804	0.873765471515497	0.0783784259983013	3.68424688091791	0.000229379837661667	0.0054492214487745
Sm_t00011321-RA	2820.8411491222	0.872874640411542	0.0975413693267927	2.95130817209543	0.00316431030847709	0.0498199967151771
Sm_t00001829-RA	1534.51000736539	0.853450104386189	0.0874987214306572	3.06804602395174	0.00215463431025356	0.0359001088197502
Sm_t00013426-RA	6076.73539939728	0.812048115496065	0.0712942279301232	3.18466336038591	0.0014492248796675	0.0254719964579978
Sm_t00010559-RA	7721.45237132091	0.811801835665572	0.0688698684771234	3.29319397119088	0.000990561107317061	0.0182728853114755
